{
  "project_info": {
    "project_number": "505118583370",
    "project_id": "petanimals-24032",
    "storage_bucket": "petanimals-24032.appspot.com"
  },
  "client": [
    {
      "client_info": {
        "mobilesdk_app_id": "1:505118583370:android:6f28773259fca8e03d54b3",
        "android_client_info": {
          "package_name": "com.app.pet_animals"
        }
      },
      "oauth_client": [
        {
          "client_id": "505118583370-r2gfjeonmq2aknoam4c2ebgp2qa0cgtm.apps.googleusercontent.com",
          "client_type": 3
        }
      ],
      "api_key": [
        {
          "current_key": "AIzaSyD6HeGkUJw3X5IdaWkk7NJODywYNud68E8"
        }
      ],
      "services": {
        "appinvite_service": {
          "other_platform_oauth_client": [
            {
              "client_id": "505118583370-r2gfjeonmq2aknoam4c2ebgp2qa0cgtm.apps.googleusercontent.com",
              "client_type": 3
            }
          ]
        }
      }
    }
  ],
  "configuration_version": "1"
}